#	Project	RCN	Call	Type	Start	End	Budget	Title	Teaser	Project URL	Funding Body link	Project URL (NEW WEBSITE)
1	AARC2	206338	EINFRA-22-2016	RIA	May  2017	Apr  2019	€2,999,893	Authentication and Authorisation For Research and Collaboration	The goal of AARC2 is to design an AAI framework to develop interoperable  AAI, to enable researchers to access the whole research and infrastructure  service portfolio with one login. AARC2's objectives are:1. enable  federated access in research communities participating in...	https://aarc-project.eu/	http://cordis.europa.eu/project/rcn/206338_en.html	https://cyberwatching.eu/projects/929/aarc-2
2	ABC4Trust	97048	ICT-2009.1.4	CP	Nov  2010	Feb  2015	€13,063,511	Attribute-based Credentials for Trust	The number of transactions performed electronically is rising fast. Every  day people use the Internet for purposes ranging from accessing information  to electronic commerce and e-banking, to interactions with government  bodies. As securing these transactions requires strong a...	https://abc4trust.eu/	cordis.europa.eu/project/rcn/97048_en.html	https://cyberwatching.eu/projects/930/abc4trust
3	ADDPRIV	98125	SEC-2010.6.5-2	CP	Feb  2011	Mar  2014	€4,087,801	Automatic Data relevancy Discrimination for a PRIVacy-sensitive video  surveillance	ADDPRIV proposes novel knowledge and developments to limit the storage of  unnecessary data, to be implemented on existing multicamera networks in  order to make them better comply with citizen´s privacy rights. ADDPRIV  tackles the challenge of determining in a precise and reli...	http://www.addpriv.eu/	http://cordis.europa.eu/project/rcn/98125_en.html	https://cyberwatching.eu/projects/931/addpriv
4	AEGIS	210218	DS-05-2016	CSA	May  2017	Apr  2019	€744,263	Accelerating EU-US DialoGue for Research and Innovation in CyberSecurity  and Privacy	AEGIS aims to strengthen dialogues between Europe and the US, in order to  facilitate exchange of views, policies and best practices to stimulate  cooperation around cybersecurity and privacy R&I, and contribute in shaping  the future global cybersecurity and privacy...	http://aegis-project.org/	http://cordis.europa.eu/project/rcn/210218_it.html	https://cyberwatching.eu/projects/932/aegis
5	ANASTACIA	207199	DS-01-2016	RIA	Jan  2017	Dec  2019	€5,420,209	Advanced Networked Agents for Security and Trust Assessment in CPS/IOT  Architectures	The main objective of the ANASTACIA is to address the constant discovery of  vulnerabilities in ICT components providing assurance that ICT systems are  secure and trustworthy by design. To this end, ANASTACIA will research and  develop a holistic security framework, which will...	http://www.anastacia-h2020.eu/	http://cordis.europa.eu/project/rcn/207199_en.html	https://cyberwatching.eu/projects/934/anastacia
6	ARIES	202675	FCT-09-2015	RIA	Sep  2016	Feb  2019	€2,247,003	reliAble euRopean Identity EcoSystem	ARIES main goal is to deliver a comprehensive framework for reliable  e-identity ecosystem comprising new technologies, processes and security  features that ensure highest levels of quality in eID based on trustworthy  security documents and biometrics for highly secure and...	http://aries-project.eu/	http://cordis.europa.eu/project/rcn/202675_en.html	https://cyberwatching.eu/projects/935/aries
7	ARMOUR	199076	ICT-12-2015	RIA	Feb  2016	Jan  2018	€1,999,559	Large-Scale Experiments of IoT Security Trust	The Internet-of-Things (IoT) is rapidly heading for large scale meaning  that all mechanisms and features for the future IoT need to be especially  designed and duly tested/certified for large-scale conditions. Also,  Security, Privacy and Trust are critical elements of the IoT...	http://www.armour-project.eu/	http://cordis.europa.eu/project/rcn/199076_en.html	https://cyberwatching.eu/projects/937/armour
8	ASAP	105356	ERC-AG-PE6	ERC-AG	Oct  2012	Sep  2018	€2,499,041	Adaptive Security and Privacy	With the prevalence of mobile computing devices and the increasing  availability of pervasive services, ubiquitous computing (Ubicomp) is a  reality for many people. This reality is generating opportunities for  people to interact socially in new and richer ways, and to work mor...		http://cordis.europa.eu/project/rcn/105356_en.html	
9	ATENA	98125	DS-03-2015	IA	May  2016	Apr  2019	€8,111,938	Advanced Tools to assEss and mitigate the criticality of ICT compoNents and  their dependencies over Critical InfrAstructures	Over recent years, Industrial and Automation Control Systems (IACS) adopted  in Critical Infrastructures (CIs) have become more complex due to the  increasing number of interconnected devices, and to the large amount of  information exchanged among system components. With the...	https://www.atena-h2020.eu	http://cordis.europa.eu/project/rcn/202699_en.html	https://cyberwatching.eu/projects/939/atena
10	BEACON	194143	ICT-07-2014	RIA	Feb  2015	Jul  2017	€3,570,250	Enabling Federated Cloud Networking	Cloud federation enables cloud providers to collaborate and share their  resources to create a large virtual pool of resources at multiple network  locations. Different types of federation architectures for clouds and  datacenters have been proposed and implemented (e.g. cloud...	http://www.beacon-project.eu/	http://cordis.europa.eu/project/rcn/194143_en.html	https://cyberwatching.eu/projects/940/beacon
11	BIOSEC	90991	FP7-PEOPLE-IOF-2008	MC-IOF	Mar  2009	Feb  2012	€214,655	BIOSEC: Security and Privacy in Life Sciences Data	Nowadays, there are over a thousand different life science databases with  hundreds of gigabytes of content ranging from gene-property data for  different organisms to brain image data. Such databases are distributed  over the web and have high degrees of heterogeneity and diffe...		http://cordis.europa.eu/project/rcn/90991_en.html	
12	C3ISP	202687	DS-04-2015	IA	Oct  2016	Sep  2019	€5,000,045	Collaborative and Confidential Information Sharing and Analysis for Cyber  Protection	C3ISP mission is to define a collaborative and confidential information  sharing, analysis and protection framework as a service for cyber security  management. C3ISP innovation is the possibility to share information in a  flexible and controllable manner inside a collaborative...	http://www.c3isp.eu	http://cordis.europa.eu/project/rcn/202687_en.html	https://cyberwatching.eu/projects/942/c3isp
13	CANVAS	202697	DS-07-2015	CSA	Sep  2016	Aug  2019	€1,569,125	Constructing an Alliance for Value-driven Cybersecurity	The growing complexity of the digital ecosystem in combination with  increasing global risks entail the danger that enforcing cybersecurity may  bypass other fundamental values like equality, fairness or privacy, whereas  downplaying cybersecurity would undermine citizens’...	https://canvas-project.eu/canvas/	http://cordis.europa.eu/project/rcn/202697_en.html	https://cyberwatching.eu/projects/1267/canvas
14	certMILS	207195	DS-01-2016	IA	Jan  2017	Dec  2020	€5,616,544	Compositional security certification for medium- to high-assurance  COTS-based systems in environments with emerging threats	certMILS develops a security certification methodology for Cyber-physical  systems (CPS). CPS are characterised by safety-critical nature, complexity,  connectivity, and open technology. A common downside to CPS complexity and  openness is a large attack surface and a high degree...	https://certmils.eu/	http://cordis.europa.eu/project/rcn/207195_en.html	https://cyberwatching.eu/projects/945/certmils
15	CHOReVOLUTION	98125	ICT-09-2014	RIA	Jan  2015	Dec  2017	€3,057,549	Automated Synthesis of Dynamic and Secured Choreographies for the Future  internet	The Future Internet (FI) represents an age of unprecedented opportunities  for social, economic, and business growth thanks to the global scale  connectivity of the virtual as well as of the physical world. This indeed  opens up a wealth of innovative and revolutionary real-life...	http://www.chorevolution.eu/bin/view/Main/#	http://cordis.europa.eu/project/rcn/194161_en.html	https://cyberwatching.eu/projects/946/chorevolution
16	CIPSEC	202692	DS-03-2015	IA	May  2016	Apr  2019	€7,017,235	Enhancing Critical Infrastructure Protection with innovative SECurity  framework	In recent years, the majority of the world's Critical Infrastructures CIs  evolved to become more flexible, cost efficient and able to offer better  services and conditions for business opportunities. Towards this evolution,  CIs and companies offering CI services had to adopt...	http://www.cipsec.eu	http://cordis.europa.eu/project/rcn/202692_en.html	https://cyberwatching.eu/projects/947/cipsec
17	CITADEL	202704	DS-03-2015	IA	Jun  2016	May  2019	€6,065,267	Critical Infrastructure Protection using Adaptive MILS	Critical infrastructures (CI) rely on complex safety- and security-critical  ICT systems placed into unpredictable environments and forced to cope with  unexpected events and threats while exhibiting safe adaptive behavior.  Recent security trends stress continuous adaptation to...	http://www.citadel-project.org	http://cordis.europa.eu/project/rcn/202704_en.html	https://cyberwatching.eu/projects/948/citadel
18	CLARUS	194136	ICT-07-2014	RIA	Jan  2015	Dec  2017	€4,193,548	A FRAMEWORK FOR USER CENTRED PRIVACY AND SECURITY IN THE CLOUD	Although cloud computing offers many benefits, security issues such as  confidentiality and privacy are still major concerns to those intending to  migrate to the cloud. Traditional cloud security has been based on  assurance to customers that cloud providers follow sound...	http://clarussecure.eu/	http://cordis.europa.eu/project/rcn/194136_it.html	https://cyberwatching.eu/projects/949/clarus
19	CloudSocket	194235	ICT-07-2014	RIA	Jan  2015	Dec  2017	€4,084,850	Business and IT-Cloud Alignment using a Smart Socket	Business and IT Alignment is important challenge, as we are facing a  dramatic change in the way we rely, depend and interact with ICT that  influences our everyday life. Although “digital natives” will soon enter  the workforce, there is still a huge gap between the business...	https://site.cloudsocket.eu/	http://cordis.europa.eu/project/rcn/194235_en.html	https://cyberwatching.eu/projects/950/cloudsocket
20	CloudTeam	194223	ICT-07-2014	IA	Mar  2015	Feb  2017	€2,088,852	Collaborative Software Development Framework based on Trusted, Secure  Cloud-based Pool of Users	CloudTeams will be a cloud-based platform transforming software development  for cloud services into a much easier, faster and targeted process, by  engaging communities of users who will participate in the product life  cycle to help software teams develop better solutions for...	https://www.cloudteams.eu/projects/	http://cordis.europa.eu/project/rcn/194223_en.html	https://cyberwatching.eu/projects/951/cloudteams
21	COCKPITCI	102078	SEC-2011.2.5-1	CP-FP	Jan  2012	Dec  2014	€4,338,494	Cybersecurity on SCADA: risk prediction, analysis and reaction tools for  Critical Infrastructures	The protection of the national infrastructures is one of the main issues  for national and international security. While FP7 MICIE project has proved  that increasing cooperation among infrastructures increases their level of  service and predictive capability, it is not enough ...		http://cordis.europa.eu/project/rcn/102078_en.html	
22	COEMS	205937	ICT-10-2016	RIA	Nov  2016	Oct  2019	€3,961,083	Continuous Observation of Embedded Multicore Systems	The ability to observe the internals of an execution of a computer-based  system is a fundamental requirement for ultimately ensuring correctness and  safe behaviour. Within COEMS (Continuous Observation of Embedded Multicore  Systems) a novel observer platform with supporting...	https://www.coems.eu/	http://cordis.europa.eu/project/rcn/205937_en.html	https://cyberwatching.eu/projects/952/coems
23	COLA	206078	ICT-06-2016	IA	Jan  2017	Jun  2019	€4,238,580	Cloud Orchestration at the Level of Application	SMEs and public sector organizations increasingly investigate the  possibilities to use cloud computing services in their everyday business  conduct. Accessing services and resources in the cloud on-demand and in a  flexible and elastic way could result in significant cost...	https://project-cola.eu	http://cordis.europa.eu/project/rcn/206078_en.html	https://cyberwatching.eu/projects/953/cola
24	COMPACT	210223	DS-02-2016	IA	May  2017	Oct  2019	€4,283,480	COmpetitive Methods to protect local Public Administration from Cyber  security Threats	Cyber threats are the most significant and growing risk for public  administrations (PA). However, technological, organisational and structural  issues hamper the ability, especially for local PAs (LPAs) to improve their  cyber security level. Budget constraints and evolving...	https://www.compact-project.eu/en	http://cordis.europa.eu/project/rcn/210223_en.html	https://cyberwatching.eu/projects/954/compact
25	CONSENT	94079	SSH-2009-3.2.1.	CP-FP	May  2010	Apr  2013	€3,105,260	Consumer sentiment regarding privacy on user generated content services in  the digital economy	One of the key changes in societal trends and lifestyles witnessed over the  past few years has been the move on-line of many consumers and the way they  have become increasingly sophisticated in their media consumption habits.  Have these recent changes to consumer and commerci...	http://consent.law.muni.cz/	http://cordis.europa.eu/project/rcn/94079_en.html	
26	CREDENTIAL	194869	DS-02-2014	IA	Oct  2015	Sep  2018	€6,686,660	Secure Cloud Identity Wallet	With increasing mobility and Internet usage, the demand for digital  services increases and has reached critical and high assurance domains like  e-Government, e-Health and e-Business. Those domains have high security and  privacy requirements and hence will be harnessed with...	https://credential.eu/	http://cordis.europa.eu/project/rcn/194869_en.html	https://cyberwatching.eu/projects/956/credential
27	CROSSMINER	206182	ICT-10-2016	RIA	Jan  2017	Dec  2019	€4,519,008	Developer-Centric Knowledge Mining from Large Open-Source Software  Repositories	Recent reports state that the adoption of open-source software (OSS) helps,  resulting in savings of about $60 billion per year to consumers. However,  the use of OSS also comes at enormous cost: choosing among OSS projects and  maintaining dependence on continuously changing...	https://www.crossminer.org/	http://cordis.europa.eu/project/rcn/206182_en.html	https://cyberwatching.eu/projects/957/crossminer
28	CryptoCloud	185411	ERC-AG-PE6	ERC-AG	Jun  2014	May  2019	€2,168,261	Cryptography for the Cloud	Many companies have already started the migration to the Cloud and many  individuals share their personal informations on social networks.  Unfortunately, in the current access mode, the provider first authenticates  the client, and grants him access, or not, according to his ri...		http://cordis.europa.eu/project/rcn/185411_en.html	
29	CS-AWARE	210224	DS-02-2016	IA	Sep  2017	Aug  2020	€4,648,363	A cybersecurity situational awareness and information sharing solution for  local public administrations based on advanced big data analysis	Cybersecurity is one of today's most challenging security problems for  commercial companies, NGOs, governmental institutions as well as  individuals. Reaching beyond the technology focused boundaries of classical  information technology (IT) security, cybersecurity includes...	https://cs-aware.eu/	http://cordis.europa.eu/project/rcn/210224_it.html	https://cyberwatching.eu/projects/959/cs-aware
30	CYBECO	210232	DS-04-2016	RIA	May  2017	Apr  2019	€1,983,510	Supporting Cyberinsurance from a Behavioural Choice Perspective	CYBECO will research, develop, demonstrate, evaluate and exploit a new  framework for managing cybersecurity risks, one that is focusing on  cyberinsurance, as key risk management treatment. CYBECO integrates  multidisciplinary research methods from Behavioural Economics...	https://www.cybeco.eu/	http://cordis.europa.eu/project/rcn/210232_it.html	https://cyberwatching.eu/projects/960/cybeco
31	CyberWiz	200381	DRS-17-2014	SME-2	Sep  2015	Aug  2017	€2,279,375	Cyber-Security Visualization and CAD-Tool for the Vulnerability Assessment  of Critical Infrastructures	The ICT environments of critical infrastructures (such as energy  distribution systems) are composed of a large number of systems connected  to form a complex system of systems. Recent initiatives to upgrade power  systems into smart grids target an even tighter integration with...	https://www.cyberwiz.eu/	http://cordis.europa.eu/project/rcn/200381_en.html	https://cyberwatching.eu/projects/964/cyberwiz
32	CYCLONE	194262	ICT-07-2014	IA	Jan  2015	Dec  2017	€3,843,602	Complete Dynamic Multi-cloud Application Management	Application service providers (ASPs) now develop, deploy, and maintain  complex computing platforms within multiple cloud infrastructures to  improve resilience, responsiveness and elasticity of their applications.  The CYCLONE project targets the ASPs, providing them with...	http://www.cyclone-project.eu/	http://cordis.europa.eu/project/rcn/194262_en.html	https://cyberwatching.eu/projects/977/cyclone
33	CYRail	206014	S2R-OC-IP2-01-2015	Shift2Rail-RIA	Oct  2016	Sep  2018	€1,498,150	Cybersecurity in the RAILway sector	Railway infrastructures are moving towards more intelligent, connected,  user-centric and collaborative systems. While it brings many advantages for  the industry and users, it also poses new opportunities for cyber-criminals  and terrorists. CYRail aims to deliver tailored...	http://cyrail.eu	http://cordis.europa.eu/project/rcn/206014_en.html	https://cyberwatching.eu/projects/1025/cyrail
34	DAPPER	185683	FP7-PEOPLE-2013-CIG	MC-CIG	Apr  2014	Mar  2018	€100,000	"Doing Anonymization Practically, Privately, Effectively and Reusably"	"There is currently a tug-of-war going on surrounding data releases. On one  side, there are many strong reasons pulling to release data to other  parties: business factors, freedom of information rules, and scientific  sharing agreements. On the other side, concerns about indiv...		http://cordis.europa.eu/project/rcn/185683_en.html	
35	DECODE	206387	ICT-12-2016	RIA	Dec  2016	Nov  2019	€4,987,674	Decentralised Citizens Owned Data Ecosystem	Today’s Internet is becoming increasingly centralised, slowing innovation  and challenging its potential to revolutionise society and the economy in a  pluralistic manner. DECODE will develop practical alternatives through the  creation, evaluation and demonstration of a...	https://www.decodeproject.eu	http://cordis.europa.eu/project/rcn/206387_en.html	https://cyberwatching.eu/projects/1037/decode
36	DEFENDER	210231	CIP-01-2016-2017	IA	May  2017	Apr  2020	€8,859,938	Defending the European Energy Infrastructures	Critical Energy infrastructures (CEI) protection and security are becoming  of utmost importance in our everyday life. However, cyber and  system-theoretic approaches fail to provide appropriate security levels to  CEIs, since they are often used in isolation and build on...		http://cordis.europa.eu/project/rcn/210231_it.html	
37	DISCOVERY	199580	ICT-38-2015	CSA	Jan  2016	Dec  2017	€2,223,525	Dialogues on ICT to Support COoperation Ventures and Europe-North AmeRica  (Canada and USA) sYnergies	"DISCOVERY aims at supporting dialogues between Europe and North America  (US and Canada); and fostering cooperation in collaborative ICT R&I, both  under Horizon 2020 and under US and Canada funding programmes. With this  purpose, DISCOVERY proposes a radically new approach to...	http://www.discoveryproject.eu	http://cordis.europa.eu/project/rcn/199580_en.html	
38	DiSIEM	202707	DS-04-2015	IA	Sep  2016	Aug  2019	€4,020,019	Diversity Enhancements for SIEMs	Security Information and Event Management (SIEM) systems are a fundamental  component of the ubiquitous ICT infrastructures that form the backbone of  our digital society. These systems are mostly used to monitor  infrastructures using many types of sensors and tools and...	http://disiem-project.eu	http://cordis.europa.eu/project/rcn/202707_en.html	https://cyberwatching.eu/projects/1040/disiem
39	DITAS	205979	ICT-06-2016	RIA	Jan  2017	Dec  2019	€4,890,066	DITAS: Data-intensive applications Improvement by moving daTA and  computation in mixed cloud/fog environmentS	There is an increasing need to develop data intensive applications able to  manage more and more amounts of data coming from distributed and  heterogeneous sources effectively, quickly, correctly, and securely.  However, the current adoption of Cloud Computing paradigm is not...	http://www.ditas-project.eu/	http://cordis.europa.eu/project/rcn/205979_it.html	https://cyberwatching.eu/projects/1041/ditas
40	DOGANA	185683	DS-06-2014	IA	Sep  2015	Aug  2018	€5,822,250	aDvanced sOcial enGineering And vulNerability Assesment Framework	"The advent of Social Networks has made both companies and public bodies  tremendously exposed to the so-called Social Engineering 2.0, and thus  prone to targeted cyber-attacks. Unfortunately, there is currently no  solution available on the market that allows neither the...	http://www.dogana-project.eu	http://cordis.europa.eu/project/rcn/194877_en.html	https://cyberwatching.eu/projects/1042/dogana
41	DSSC	210344	MSCA-COFUND-2016	MSCA-COFUND-DP	May  2017	Apr  2022	€71,429	Data Science and Systems Complexity Research Training Programme	Today’s world is a highly complex system that is producing massive amounts  of data daily. We can only progress towards urgent global priorities such  as sustainable energy, personalized healthcare or the development of the  data-driven economy if we can predict the dynamic...		http://cordis.europa.eu/project/rcn/210344_en.html	https://www.cyberwatching.eu/projects/1045/ecrypt
42	e-Sides	206175	ICT-18-2016	CSA	Jan  2017	Dec  2019	€999,940	Ethical and Societal Implications of Data Sciences	Data-driven innovation is deeply transforming society and the economy.  Although there are potentially enormous economic and social benefits this  innovation also brings new challenges for individual and collective  privacy, security, as well as democracy and participation. The...	http://www.e-sides.eu/	http://cordis.europa.eu/project/rcn/206175_en.html	https://cyberwatching.eu/projects/1044/e-sides
43	ECRYPT-CSA	194321	ICT-32-2014	CSA	Mar  2015	Feb  2018	€1,000,000	European Coordination and Support Action in Cryptology	This CSA intends to strengthen European excellence in the area of  cryptology and to achieve a durable integration and structuring of the  European cryptography community, involving academia, industry, government  stakeholders and defence agencies. The project will coordinate...	http://www.ecrypt.eu.org/csa/	http://cordis.europa.eu/project/rcn/194321_it.html	https://www.cyberwatching.eu/projects/1045/ecrypt
44	ECRYPT-NET	193996	MSCA-ITN-2014-ETN	MSCA-ITN-ETN	Mar  2015	Feb  2019	€3,893,200	European Integrated Research Training Network on Advanced Cryptographic  Technologies for the Internet of Things and the Cloud	The goal of this ETN is to develop advanced cryptographic techniques for  the Internet of Things and the Cloud and to create implementations that  offer a high level of security and increased usability, for a wide range of  physical computation platforms. The ITN will equip a...	http://www.ecrypt.eu.org/net/	http://cordis.europa.eu/project/rcn/193996_en.html	
45	ENCASE	198839	MSCA-RISE-2015	MSCA-RISE	Jan  2016	Dec  2019	€2,160,000	EnhaNcing seCurity And privacy in the Social wEb: a user centered approach  for the protection of minors	ENCASE will leverage the latest advances in usable security and privacy to  design and implement a browser-based architecture for the protection of  minors from malicious actors in online social networks. The ENCASE  user-centric architecture will consist of three distinct...	http://encase.socialcomputing.eu/	http://cordis.europa.eu/project/rcn/198839_en.html	https://cyberwatching.eu/projects/1157/encase
46	EU-SEC	207439	DS-01-2016	IA	Jan  2017	Dec  2019	€4,162,511	The European Security Certification Framework	In recent years the ICT market has evolved toward a cloud-based approach.  This shift together with the rapidly changing legal and regulatory  landscape has heavily impacted security assurance, governance and  compliance. The information security market players have tried to...	http://www.sec-cert.eu/	http://cordis.europa.eu/project/rcn/207439_en.html	https://cyberwatching.eu/projects/1046/eu-sec
47	EUNITY	210046	DS-05-2016	CSA	Jun  2017	May  2019	€499,813	Cybersecurity and privacy dialogue between Europe and Japan	The EUNITY project addresses scope 2 (international dialogue with Japan) of  objective DS-05-2016 of the H2020 work programme. This two years project  aims at developing and encouraging the dialogue between Europe and Japan on  cybersecurity and privacy topics. The partners...	https://www.eunity-project.eu/en/	http://cordis.europa.eu/project/rcn/210046_it.html	https://cyberwatching.eu/projects/1047/eunity
48	FIDELITY	102324	SEC-2011.3.4-1	CP-IP	Feb  2012	Jan  2016	€18,995,170	Fast and trustworthy Identity Delivery and check with ePassports leveraging  Traveler privacy	Significant efforts have been invested to strengthen border ID checks with  biometrics Travel Documents embedding electronic chips (ePassport).  However, problems appeared regarding fraud in the ePassport issuing  process, citizen losing control on their personal data, difficult...	http://www.fidelity-project.eu/	http://cordis.europa.eu/project/rcn/102324_en.html	
49	FORTIKA	210222	DS-02-2016	IA	Jun  2017	May  2020	€4,918,813	FORTIKA - Cyber Security Accelerator for trusted SMEs IT Ecosystems	FORTIKA aims to (1) minimise the exposure of small and medium sized  businesses to cyber security risks and threats, and (2) help them  successfully respond to cyber security incidents, while relieving them from  all unnecessary and costly efforts of identifying, acquiring and...	https://fortika-project.eu/	http://cordis.europa.eu/project/rcn/210222_it.html	https://cyberwatching.eu/projects/1052/fortika
50	FutureTrust	202698	DS-05-2015	IA	Jun  2016	May  2019	€7,474,031	Future Trust Services for Trustworthy Global Transactions	Against the background of the regulation 2014/910/EU on electronic  identification (eID) and trusted services for electronic transactions in  the internal market (eIDAS), the FutureTrust project aims at supporting the  practical implementation of the regulation in Europe and...	https://www.futuretrust.eu/home/	http://cordis.europa.eu/project/rcn/202698_en.html	https://cyberwatching.eu/projects/1055/futuretrust
51	GenoPri	203068	MSCA-IF-2015-EF	MSCA-IF-EF-ST - Standard EF	May  2016	Apr  2018	€157,846	Quantifying and Protecting the Privacy of Genomic Data	Genomic data carries a lot of sensitive information about its owner such as  his predispositions to sensitive diseases, ancestors, physical attributes,  and genomic data of his relatives (leading to interdependent privacy  risks). Individuals share vast amount of information on...	http://www.cs.bilkent.edu.tr/	http://cordis.europa.eu/project/rcn/203068_en.html	
52	GHOST	207439	DS-02-2016	IA	May  2017	Apr  2020	€4,995,519	Safe-Guarding Home IoT Environments with Personalised Real-time Risk Control	To effectively respond to the multitude & complexity of cybersecurity  challenges in smart-homes GHOST deploys a pioneering software-enabled  ‘usable security’ solution. The project brings professional level security  to the European citizens and to this end it: (a) increases...	https://www.ghost-iot.eu/	http://cordis.europa.eu/project/rcn/210233_en.html	https://cyberwatching.eu/projects/1056/ghost
53	HEAT	194171	ICT-32-2014	RIA	Jan 2015	Dec 2017	€4,165,726	Homomorphic Encryption Applications and Technology	Homomorphic cryptography offers the tantalizing goal of being able to  process sensitive information in encrypted form, without needing to  compromise on the privacy and security of the citizens and organizations  that provide the input data.The HEAT proposal brings together...	https://heat-project.eu/	http://cordis.europa.eu/project/rcn/194171_en.html	https://cyberwatching.eu/projects/1061/heat
54	HECTOR	194145	ICT-32-2014	RIA	Mar  2015	Feb  2018	€4,494,088	HARDWARE ENABLED CRYPTO AND RANDOMNESS	A single flipped bit or a weak random number generator can cause secure  systems to fail. The main objective of this proposal is to close the gap  between the mathematical heaven of cryptographic algorithms and their  efficient, secure and robust hardware implementations. It...	https://hector-project.eu/	http://cordis.europa.eu/project/rcn/194145_en.html	https://cyberwatching.eu/projects/1064/hector
55	HERMENEUT	210209	DS-04-2016	RIA	May  2017	Apr  2019	€2,007,693	Enterprises intangible Risks Management via Economic models based on  simulatioN of modErn cyber-aTtacks	IT security and risk management often ignore or underestimate the human  factor (psychological, behavioural, societal, organisational and economic  aspects) in the identification of cyber-risks, their quantitative economic  impact and the costs of countermeasures. Cyber-attacks...	https://cyberconnector.eu/web/hermeneut	http://cordis.europa.eu/project/rcn/210209_en.html	https://cyberwatching.eu/projects/1068/hermeneut
56	HIPS	188662	ERC-CG-2013-PE6	ERC-CG	Oct  2014	Sep  2019	€1,999,175	High-Performance Secure Computation with Applications to Privacy and Cloud  Security	"Secure two-party and multiparty computation has long stood at the center  of the foundations of theoretical cryptography. However, in the last five  years there has been blistering progress on the question of efficient  secure computation. We are close to the stage that secure ...		http://cordis.europa.eu/project/rcn/188662_en.html	
57	IMPACT	192598	ERC-2013-SyG	ERC-SyG	Feb  2015	Jan  2021	€9,257,000	imPACT – Privacy, Accountability, Compliance, and Trust in Tomorrow’s  Internet	The Internet has evolved from a mere communication network used by tens of  millions of users two decades ago, to a global multimedia platform for  communication, social networking, entertainment, education, trade and  political activism used by more than two billion users. This...	http://www.impact-erc.eu/	http://cordis.europa.eu/project/rcn/192598_en.html	https://cyberwatching.eu/projects/1069/impact
58	KONFIDO	207188	DS-03-2016	RIA	Nov  2016	Oct  2019	€4,992,078	KONFIDO - Secure and Trusted Paradigm for Interoperable eHealth Services	KONFIDO advances the state of the art of eHealth technology with respect to  four key dimensions of digital security, namely: data preservation, data  access and modification, data exchange, and interoperability and  compliance. To address the challenges of secure storage and...	http://www.konfido-project.eu/konfido/	http://cordis.europa.eu/project/rcn/207188_en.html	https://cyberwatching.eu/projects/1070/konfido
59	LAST	91973	ERC-SG-PE6	ERC-SG - ERC Starting Grant	Oct  2009	Sep  2014	€1,921,316	Large Scale Privacy-Preserving Technology in the Digital World -  Infrastructure and Applications	Data mining provides large benefits to the commercial, government and  homeland security sectors, but the aggregation and storage of huge amounts  of data about citizens inevitably leads to erosion of privacy. To achieve  the benefits that data mining has to offer, while at the ...		http://cordis.europa.eu/project/rcn/91973_en.html	
60	LIGHTest	194145	DS-05-2015	IA	Sep  2016	Aug  2019	€8,696,946	Lightweight Infrastructure for Global Heterogeneous Trust management in  support of an open Ecosystem of Stakeholders and Trust schemes.	The objective of LIGHTest is to create a global cross-domain trust  infrastructure that renders it transparent and easy for verifiers to  evaluate electronic transactions. By querying different trust authorities  world-wide and combining trust aspects related to identity...	http://lightest.eu	http://cordis.europa.eu/project/rcn/203437_en.html	https://cyberwatching.eu/projects/1072/lightest
61	LV-Pri20	196089	MSCA-IF-2014-EF	MSCA-IF-EF-CAR	Jun  2015	Jun  2017	€195,455	Logic-based Verification of Privacy-Preservation in Europe's 2020 ICT	In line with the EU 2020 Flagship Initiative on a Digital Agenda for Europe  and the upcoming EU Cybersecurity Strategy, the goal of the LV-Pri20  project is to aid our ICT-driven lives, by “safeguarding the human right of  privacy in the digital society”. Concretely, the...	http://people.itcarlson.com/ioana/mc.html	http://cordis.europa.eu/project/rcn/196089_en.html	
62	MAMI	199159	ICT-12-2015	RIA	Jan  2016	Jun  2018	€2,901,500	Measurement and Architecture for a Middleboxed Internet	Recent revelations about large-scale pervasive surveillance of Internet  traffic have led to a rapidly expanding deployment of encryption in order  to protect end-user privacy. At the same time, network operators and access  providers rely on increasing use of in-network...	https://mami-project.eu/	http://cordis.europa.eu/project/rcn/199159_en.html	https://www.cyberwatching.eu/projects/1074/mami
63	MAPPING	111214	SiS.2013.1.2-1	CSA-SA	Mar  2014	Feb  2018	€4,642,522	Managing Alternatives for Privacy, Property and INternet Governance	Building on the results of several EU FP7 projects including CONSENT  (covering on-line consent and privacy in social networks), SMART and  RESPECT (which cover smart and on-line surveillance, etc.) MAPPING’s goal  is to create an all-round and “joined-up” understanding of the m...	https://mappingtheinternet.eu/	http://cordis.europa.eu/project/rcn/111214_en.html	https://www.cyberwatching.eu/projects/1075/mapping
64	MAS2TERING	192066	ICT-2013.6.1	CP	Sep  2014	Aug  2017	€4,539,730	Multi-Agent Systems and Secured coupling of Telecom and EnErgy gRIds for  Next Generation smartgrid services	The success of the European vision of a low carbon electricity grid that  minimises greenhouse gas emissions; and enhances security, quality and  reliability of supply depends on how smart infrastructures, combining  energy and telecom, are developed and implemented for the wide...	http://www.mas2tering.eu/	http://cordis.europa.eu/project/rcn/192066_en.html	
65	MATTHEW	110220	ICT-2013.1.5	CP	Nov  2013	Oct  2016	€5,972,553	Multi-entity-security using active Transmission Technology for improved  Handling of Exportable security credentials Without privacy restrictions	With the increasing pervasion of our society by mobile devices like smart  phones and tablets and many users running several security relevant  applications on multiple mobile devices at the same time, security and  privacy challenges outranging those on personal computers arise...	https://matthew-project.eu/	http://cordis.europa.eu/project/rcn/110220_en.html	https://www.cyberwatching.eu/projects/1076/matthew
66	MELODIC	206028	ICT-06-2016	RIA	Dec  2016	Nov  2019	€4,890,224	Multi-cloud Execution-ware for Large-scale Optimized Data-Intensive  Computing	MELODIC will enable data-intensive applications to run within defined  security, cost, and performance boundaries seamlessly on geographically  distributed and federated cloud infrastructures. Serving the user’s needs  and constraints, MELODIC will realise the potential of...	http://melodic.cloud/	http://cordis.europa.eu/project/rcn/206028_en.html	https://www.cyberwatching.eu/projects/1077/melodic
67	mF2C	206164	ICT-06-2016	RIA	Jan  2017	Dec  2019	€5,440,288	Towards an Open, Secure, Decentralized and Coordinated Fog-to-Cloud  Management Ecosystem	Fog computing brings cloud computing capabilities closer to the end-device  and users, while enabling location-dependent resource allocation, low  latency services, and extending significantly the IoT services portfolio as  well as market and business opportunities in the cloud...	http://www.mf2c-project.eu/	http://cordis.europa.eu/project/rcn/206164_it.html	https://www.cyberwatching.eu/projects/1078/mf2c
68	MH-MD	206202	ICT-18-2016	RIA	Nov  2016	Oct  2019	€3,944,940	My Health - My Data	Issues of data subjects’ privacy and data security represent a crucial  challenge in the biomedical sector more than in other industries. The  current IT landscape in this field shows a myriad of isolated, locally  hosted patient data repositories, managed by clinical centres...	http://www.myhealthmydata.eu	http://cordis.europa.eu/project/rcn/206202_en.html	https://www.cyberwatching.eu/projects/1079/mh-md
69	MIKELANGELO	194319	ICT-07-2014	RIA	Jan  2015	Dec  2017	€5,993,419	MIcro KErneL virtualizAtioN for hiGh pErfOrmance cLOud and hpc systems	MIKELANGELO is a project, targeted to disrupt the core underlying  technologies of Cloud computing, enabling even bigger uptake of Cloud  computing, HPC in the Cloud and Big Data technologies under one umbrella.  The vision of MIKELANGELO is to improve responsiveness, agility and...	https://www.mikelangelo-project.eu/	http://cordis.europa.eu/project/rcn/194319_en.html	https://www.cyberwatching.eu/projects/1080/mikelangelo
70	MITIGATE	198194	DS-06-2014	IA	Sep  2015	Feb  2018	€3,549,869	Multidimensional, IntegraTed, rIsk assessment framework and dynamic,  collaborative Risk ManaGement tools for critical information infrAstrucTurEs	Despite the importance of Critical Information Infrastructures (CIIs) and  dynamic ICT-based maritime supply chains (SCs) for port operations,  state-of-the-art Risk Management (RM) methodologies for maritime  environments pay limited attention to cyber-security and do not...	http://www.mitigateproject.eu	http://cordis.europa.eu/project/rcn/198194_en.html	https://www.cyberwatching.eu/projects/1081/mitigate
71	MUSA	194208	ICT-07-2014	RIA	Jan  2015	Dec  2017	€3,574,190	MUlti-cloud Secure Applications	The most challenging applications in heterogeneous cloud ecosystems are  those that are able to maximise the benefits of the combination of the  cloud resources in use: multi-cloud applications. They have to deal with  the security of the individual components as well as with the...	http://www.musa-project.eu/	http://cordis.europa.eu/project/rcn/194208_en.html	https://www.cyberwatching.eu/projects/1082/musa
72	NECOMA	110155	ICT-2013.10.1	CP	Jun  2013	Mar  2016	€2,171,167	Nippon-European Cyberdefense-Oriented Multilayer threat Analysis	The NECOMA project addresses objective (c), Cybersecurity for improved  resilience against cyber threats, of the ICT-EU Japan Coordinated call  FP7-ICT-2013-EU-Japan. It aims at providing new means to understand  cyberthreats and to mitigate their effect on infrastructure and en...	http://www.necoma-project.eu/	http://cordis.europa.eu/project/rcn/110155_en.html	https://www.cyberwatching.eu/projects/965/necoma
73	NeCS		MSCA-ITN-2015-ETN	MSCA-ITN-ETN	Sep  2015	Aug  2019	€3,882,228	European Network for Cyber-security	The European Network for Cybersecurity (NECS) was formed in response to the  increased need of highly qualified experts able to cope with all the  aspects of the European cybersecurity strategy that is currently under  implementation.There is indeed an evident need and...	http://www.necs-project.eu/	http://cordis.europa.eu/project/rcn/198283_en.html	https://www.cyberwatching.eu/projects/966/necs
74	OCGN		MSCA-IF-2015-EF	MSCA-IF-EF-ST	May  2017	Nov  2018	€146,591	Traditional Organised Crime and the Internet: The changing organization of  illegal gambling networks	Transnational criminal networks utilise Information Communication  Technology (ICT) to commit ‘old’ and ‘new’ types of crime. ICT assists in  transnational crime (i.e., hacking) and also as a way to exchange  information or plan new crimes. Empirical research has...		http://cordis.europa.eu/project/rcn/202926_en.html	
75	OCTAVE		DS-02-2014	IA	Jun  2015	Jul  2017	€5,208,985	Objective Control for TAlker VErification	Industry needs alternatives to textual passwords for access control. While  tokens can still be stolen or transferred to other persons, biometrics  technology can provide reliable, cost-effective and user-friendly  solutions.The proliferation of smart services calls for...	https://www.octave-project.eu/	http://cordis.europa.eu/project/rcn/194511_en.html	https://www.cyberwatching.eu/projects/968/octave
76	OPENREQ		ICT-10-2016	RIA	Jan  2017	Dec  2019	€4,511,775	Intelligent Recommendation Decision Technologies for Community-Driven  Requirements Engineering	Requirements engineering is a key activity in ICT projects: What are  current user needs and what requirements satisfy them? How much effort  would a requirement cost and in which release should it be delivered? Which  requirements can be reused from similar projects? Are there...	http://openreq.eu/	http://cordis.europa.eu/project/rcn/206364_it.html	
77	OPERANDO		DS-01-2014	IA	May  2015	Apr  2018	€4,455,811	Online Privacy Enforcement, Rights Assurance and Optimization	The goal of the OPERANDO project is to specify, implement, field-test,  validate and exploit an innovative privacy enforcement platform that will  enable the Privacy as a Service (PaS) business paradigm and the market for  online privacy services.The OPERANDO project will...	http://www.operando.eu/	http://cordis.europa.eu/project/rcn/194891_en.html	https://www.cyberwatching.eu/projects/970/operando
78	P5		SEC-2012.2.3-1	CP-FP	Aug  2013	Oct  2016	€4,817,519	Privacy Preserving Perimeter Protection Project	The goal of the P5 project is an intelligent perimeter proactive  surveillance system that works robustly under a wide range of weather and  lighting conditions and that has strong privacy preserving features. The  system will monitor the region outside the security area of crit...	http://www.p5-fp7.eu/	http://cordis.europa.eu/project/rcn/109306_en.html	https://www.cyberwatching.eu/projects/971/p5
79	PaaSword		ICT-07-2014	RIA	Jan  2015	Dec  2017	€4,461,513	A Holistic Data Privacy and Security by Design Platform-as-a-Service  Framework Introducing Distributed Encrypted Persistence in Cloud-based  Applications	The vision of PaaSword is to maximize and fortify the trust of individual,  professional and corporate customers to Cloud -enabled services and  applications, to safeguard both corporate and personal sensitive data  stored on Cloud infrastructures and Cloud-based storage...	https://www.paasword.eu/	http://cordis.europa.eu/project/rcn/194247_en.html	https://www.cyberwatching.eu/projects/973/paasword
80	PACT		SEC-2011.6.5-2	CP-FP - Small or medium-scale focused research project	Feb  2012	Jan  2015	€3,533,999	PUBLIC PERCEPTION OF SECURITY AND PRIVACY: ASSESSING KNOWLEDGE, COLLECTING  EVIDENCE, TRANSLATING RESEARCH INTO ACTION	PACT (PUBLIC PERCEPTION OF SECURITY AND PRIVACY: ASSESSING KNOWLEDGE,  COLLECTING EVIDENCE, TRANSLATING RESEARCH INTO ACTION) is a 36 month  collaborative project, which aims 1) to assess existing knowledge about  public perception of the tension between security and privacy and...	http://www.projectpact.eu/	http://cordis.europa.eu/project/rcn/102327_en.html	
81	PANORAMIX		DS-01-2014	IA	Sep  2015	Aug  2018	€4,459,711	Privacy and Accountability in Networks via Optimized Randomized Mix-nets	"The objective of the PANORAMIX project is the development of a  multipurpose infrastructure for privacy-preserving communications based on  ""mix-networks"" (mix-nets) and its integration into high-value  applications that can be exploited by European businesses. Mix-nets...	https://panoramix-project.eu/	http://cordis.europa.eu/project/rcn/194872_en.html	https://www.cyberwatching.eu/projects/972/panoramix
82	PARIS		SEC-2012.6.1-2	CP-FP	Jan  2013	Feb  2016	€4,771,052	PrivAcy pReserving Infrastructure for Surveillance	PARIS will define and demonstrate a methodological approach for the  development of surveillance infrastructure which enforces the right of  citizens for privacy, justice and freedom and takes into account the  evolving nature of such rights, e.g. aspects that are acceptable tod...	http://www.paris-project.org/	http://cordis.europa.eu/project/rcn/106634_en.html	https://www.cyberwatching.eu/projects/975/paris
83	PASS		PEOPLE-2007-4-3.IRG	MC-IRG - International Re-integration Grants (IRG)	Dec  2008	Nov  2012	€100,000	Privacy Architectures for System Services	The proliferation of Internet services and, perhaps unavoidably, Internet  crime, has left users more vulnerable than ever before. Taken in  conjunction with the expanded deployment of wireless networks and the  popularity of mobile devices, this trend is exerting tremendous pre...		http://cordis.europa.eu/project/rcn/90937_en.html	
84	PATS		SiS-2008-1.2.2.1	CSA-SA - Support actions	Aug  2009	Mar  2012	€1,080,608	Privacy Awareness Through Security Branding	While it can be assumed that the security industry and organisations will  increase their efforts to keep and to strengthen trust relations with  citizens, the question however remains: how can one raise more awareness of  social conflicts and privacy concerns among those public...		http://cordis.europa.eu/project/rcn/91291_en.html	
85	PICOS		ICT-2007.1.4	CP	Feb  2008	Jun  2011	€5,957,801	Privacy and Identity Management for Community Services	With the emergence of services for professional and private on-line  collaboration via the Internet, many European citizens spend work and  leisure time in on-line communities. Users consciously leave private  information; they may also leave personalized traces they are unaware...	http://www.picos-project.eu/	http://cordis.europa.eu/project/rcn/85533_en.html	
86	PQCRYPTO		ICT-32-2014	RIA	Mar  2015	Feb  2018	€3,964,791	Post-quantum cryptography for long-term security	Online banking, e-commerce, telemedicine, mobile communication, and cloud  computing depend fundamentally on the security of the underlying  cryptographic algorithms. Public-key algorithms are particularly crucial  since they provide digital signatures and establish secure...	https://pqcrypto.eu.org/	http://cordis.europa.eu/project/rcn/194347_en.html	https://www.cyberwatching.eu/projects/1022/pqcrypto
87	PRACTIS		SiS-2009-1.1.2.1	CP-FP - Small or medium-scale focused research project	Jan  2010	Mar  2013	€1,267,956	Privacy - Appraising Challenges to Technologies and Ethics	The vision that motivates PRACTIS is of a society that is aware of the  evolving challenges to privacy posed by emerging technologies and is  equipped to respond to them. PRACTIS will assess the potential impacts on  privacy from emerging technologies and new scientific knowledg...		http://cordis.europa.eu/project/rcn/93106_en.html	
88	PRECIOSA		ICT-2007.6.2	CP - Collaborative project (generic)	Mar  2008	Aug  2010	€2,465,870	Privacy Enabled Capability In co-Operative systems and Safety Applications	The goal of PRECIOSA is to demonstrate that co-operative systems can comply  with future privacy regulations by demonstrating that an example  application can be endowed with technologies for suitable privacy  protection of location related data.  The objectives are the foll...		http://cordis.europa.eu/project/rcn/86606_en.html	
89	PRESCIENT		SiS-2009-1.1.2.1	CP-FP - Small or medium-scale focused research project	Jan  2010	Mar  2013	€1,261,270	Privacy and emerging fields of science and technology: Towards a common  framework for privacy and ethical assessment	Privacy is a multifaceted concept, a moving target and a salient topic in  technology policy-making. PRESCIENT will provide an early identification of  privacy and ethical issues arising from emerging technologies and their  relevance for EC policy. It will contribute to the qua...	http://www.prescient-project.eu/prescient/index.php	http://cordis.europa.eu/project/rcn/93108_en.html	https://www.cyberwatching.eu/projects/1023/prescient
90	PreserviX		ICT-37-2014-1	SME-1	May  2015	Oct  2015	€71,429	Reshaping Digital Preservation	Our vision is to reshape digital preservation!Our objectives are:â€¢ To change the way the world is preserving valuable data for future use; â€¢ To enable data owners to secure their data and protect them from manipulation, - protecting confidentiality and privacy;â€¢ To...	http://www.piql.com/	http://cordis.europa.eu/project/rcn/197022_en.html	https://www.cyberwatching.eu/projects/1024/preservix
91	PrEstoCloud		ICT-06-2016	RIA	Jan  2017	Dec  2019	€4,256,503	PrEstoCloud - Proactive Cloud Resources Management at the Edge for  Efficient Real-Time Big Data Processing	PrEstoCloud project will make substantial research contributions in the  cloud computing and real-time data intensive applications domains, in order  to provide a dynamic, distributed, self-adaptive and proactively  configurable architecture for processing Big Data streams. In...	http://www.prestocloud-project.eu/	http://cordis.europa.eu/project/rcn/206360_en.html	
92	PrimeLife		ICT-2007.1.4	CP	Mar  2008	Jun  2011	€14,929,957	Privacy and Identity Management in Europe for Life	Individuals in the Information Society want to protect their autonomy and  retain control over personal information, irrespective of their activities.  Information technologies hardly consider those requirements, thereby  putting the privacy of the citizen at risk. Today, the in...	http://primelife.ercim.eu/	cordis.europa.eu/project/rcn/85453_en.html	https://www.cyberwatching.eu/projects/1026/primelife
93	PRIPARE		ICT-2013.1.5	CSA	Oct  2013	Sep  2015	€1,313,167	PReparing Industry to Privacy-by-design by supporting its Application in  REsearch	The mission of PRIPARE is twofold: facilitate the application of a privacy  and security -by-design methodology that will contribute to the advent of  unhindered usage of Internet against disruptions, censorship and  surveillance, support its practice by the ICT research communi...	pripareproject.eu	http://cordis.europa.eu/project/rcn/110590_en.html	https://www.cyberwatching.eu/projects/1027/pripare
94	PRISM		ICT-2007.1.4	CP	Mar  2008	May  2010	€3,152,987	Privacy-aware Secure Monitoring	Passive network monitoring is required for the operation and maintenance of  communication networks as well as to detect frauds and attacks. Typically,  raw packet-level traffic traces are collected using suitable traffic probe  devices and fed to monitoring applications (IDSs, ...	http://www.fp7-prism.eu/	cordis.europa.eu/project/rcn/86232_en.html	https://www.cyberwatching.eu/projects/1028/prism
95	PRISM CODE		FP7-PEOPLE-2012-CIG	MC-CIG	Nov  2012	Oct  2016	€100,000	Privacy and Security for Mobile Cooperative Devices	We propose PRISM CODE project (PRIvacy and Security for Mobile COoperative  DEvices). The aim of this project is to design some of the fundamental  tools for privacy and security of the upcoming distributed services, which  are built upon the cooperation of mobile personal devic...		http://cordis.europa.eu/project/rcn/105448_en.html	
96	PRISMACLOUD		ICT-32-2014	RIA	Feb  2015	Jul  2018	€8,381,953	PRIvacy and Security MAintaining services in the CLOUD	With a current volume of over USD 100 billion and annual growth rates of  over 10%, the world-wide market for cloud computing can be considered as  the major growth area in ICT. However, big companies and public authorities  are reluctant to entrust their most sensitive data to...	https://prismacloud.eu/	http://cordis.europa.eu/project/rcn/194266_en.html	https://www.cyberwatching.eu/projects/1029/prismacloud
97	PRISMS		SEC-2011.6.5-2	CP-FP	Feb  2012	Jul  2015	€3,561,936	The PRIvacy and Security MirrorS: “Towards a European framework for  integrated decision making”	The PRISMS project will analyse the traditional trade-off model between  privacy and security and devise a more evidence-based perspective for  reconciling privacy and security, trust and concern. It will examine how  technologies aimed at enhancing security are subjecting citiz...	http://prismsproject.eu/	http://cordis.europa.eu/project/rcn/102282_en.html	
98	PRIVACY FLAG		DS-01-2014	IA	May  2015	Apr  2018	€4,538,438	Enabling Crowd-sourcing based privacy protection for smartphone  applications, websites and Internet of Things deployments	Privacy Flag combines crowd sourcing, ICT technology and legal expertise to  protect citizen privacy when visiting websites, using smart-phone  applications, or living in a smart city. It will enable citizens to monitor  and control their privacy with a user friendly solution...	http://privacyflag.eu/	http://cordis.europa.eu/project/rcn/194864_en.html	https://www.cyberwatching.eu/projects/1031/privacy-flag
99	Privacy.Us		MSCA-ITN-2015-ETN	MSCA-ITN-ETN	Dec  2015	Nov  2019	€3,376,517	Privacy and Usabiliy	With the rapid accumulation and processing of personal data by numerous  organizations, it is of paramount importance to protect people from adverse  uses of their data, while allowing them to enjoy the benefits the use of  these data can possibly provide. This is the question of...	https://privacyus.eu/	http://cordis.europa.eu/project/rcn/198304_en.html	https://www.cyberwatching.eu/projects/1032/privacyus
100	PRIVACY4FORENSICS		FP7-PEOPLE-2013-IIF	MC-IIF - International Incoming Fellowships (IIF)	Feb  2015	Mar  2018	€231,283	A Formal Rule-Processing Engine for Privacy-Respecting Forensic  Investigation	The forensics investigation requirements are in direct conflict with the  privacy rights of those whose actions are being investigated. At the same  time, once the private data is exposed it is impossible to ‘undo’ its  exposure effects should the suspect is found innocent! Ther...		http://cordis.europa.eu/project/rcn/186180_en.html	
101	ProBOS		SMEInst-13-2016-2017	SME-2	Oct  2016	Sep  2018	€2,814,766	Protection Beyond Operating System - Development of the next generation  cyber security solution	Cybercrime is on the rise in terms of scope and impact, which is  facilitated by current environment: increasing use of mobile devices,  social networking, mobile communications and cloud computing. Cyber attacks  are made mostly against governments and corporates to gather...		http://cordis.europa.eu/project/rcn/205768_en.html	
102	PROTECTIVE		DS-04-2015	IA	Sep  2016	Aug  2019	€4,693,613	Proactive Risk Management through Improved Cyber Situational Awareness	PROTECTIVE is designed to improve an organisations ongoing awareness of the  risk posed to its business by cyber security attacks. PROTECTIVE makes two  key contributions to achieve this enhanced situational awareness. Firstly  it increases the computer security incident response...	https://protective-h2020.eu/	http://cordis.europa.eu/project/rcn/202674_en.html	https://www.cyberwatching.eu/projects/1036/protective
103	Ps2Share		ICT-35-2016	RIA	Jan  2017	Dec  2017	€532,875	Participation, Privacy and Power in the Sharing Economy	In this project, we propose an in-depth empirical investigation of privacy  in the sharing economy. We will investigate three challenges in particular:  privacy, participation/exclusion and power. First, sharing services come  with compounded privacy risks extending beyond the...	http://p2share.eu	http://cordis.europa.eu/project/rcn/206080_en.html	https://www.cyberwatching.eu/projects/1038/ps2share
104	RAPID		ICT-07-2014	RIA	Jan  2015	Dec  2017	€2,023,800	Heterogeneous Secure Multi-level Remote Acceleration Service for Low-Power  Integrated Systems and Devices	Many low-power devices such as smartphones, tablets, notebooks as well as  several other embedded systems can't always cope with the increased demand  for processing power, memory and storage required by modern applications in  gaming, vision, security, robotics, aerospace, etc...	http://www.rapid-project.eu/	http://cordis.europa.eu/project/rcn/194186_en.html	
105	REASSURE		DS-01-2016	RIA	Jan  2017	Dec  2019	€3,528,635	Robust and Efficient Approaches to Evaluating Side Channel and Fault Attack  Resilience	Implementing cryptography on embedded devices is an ongoing challenge:  every year new implementation flaws are discovered and new attack paths are  being used by real life adversaries. Whilst cryptography can guarantee many  security properties, it crucially depends on the...	http://reassure.eu/	http://cordis.europa.eu/project/rcn/207201_en.html	https://www.cyberwatching.eu/projects/1057/reassure
106	ReCRED		DS-02-2014	IA	May  2015	Apr  2018	€6,325,156	From Real-world Identities to Privacy-preserving and Attribute-based  CREDentials for Device-centric Access Control	ReCRED’s ultimate goal is to promote the user’s personal mobile device to  the role of a unified authentication and authorization proxy towards the  digital world. ReCRED adopts an incrementally deployable strategy in two  complementary directions: extensibility in the type...	http://www.recred.eu/	http://cordis.europa.eu/project/rcn/194863_en.html	https://www.cyberwatching.eu/projects/1058/recred
107	REDSENTRY		H2020-SMEINST-1-2016-2017	SME-1	Jul  2017	Dec  2017	€71,429	Proactive Operational Intelligence Cybersecurity Platform for the Financial  Services Industry	REDSENTRY aims to provide a flexible, scalable and open solution to the  ever-changing threat landscape faced by the financial services sector. The  threats faced by the financial services industry are varied and constantly  evolving and cybercrime is the 2nd most reported type...		http://cordis.europa.eu/project/rcn/211179_en.html	
108	RESPECT		SEC-2011.6.1-5	CP-FP	Feb  2012	May  2015	€4,239,900	RESPECT – Rules, Expectations & Security through Privacy-Enhanced  Convenient Technologies	Convenience and cost-effectiveness are the two key considerations for both  citizens and security forces when deciding which technologies to embrace or  avoid in the Information Society. State actors and private corporations  adopt information communication technologies (ICTs) b...	http://respectproject.eu/	http://cordis.europa.eu/project/rcn/104278_en.html	https://www.cyberwatching.eu/projects/1059/respect
109	REVEN-X1		ICT-37-2015-1	SME-1	Jul  2015	Dec  2015	€71,429	REVEN-X1: Automatic Vulnerability Detection in Binary	TETRANE wants to further develop REVEN®, a product that automatically  discovers, characterizes and helps solving nearly any software flaw that  could be exploited by malicious hackers. REVEN represents the only answer  to a growing social issue: cybersecurity for critical...		http://cordis.europa.eu/project/rcn/197407_en.html	
110	SafeCloud		DS-01-2014	IA	Sep  2015	Aug  2018	€3,298,988	Secure and Resilient Cloud Architecture	Cloud infrastructures, despite all their advantages and importance to the  competitiveness of modern economies, raise fundamental questions related to  the privacy, integrity, and security of offsite data storage and processing  tasks. These questions are currently not answered...	http://www.safecloud-project.eu/	http://cordis.europa.eu/project/rcn/194907_en.html	https://www.cyberwatching.eu/projects/1060/safecloud
111	SAFEcrypto		ICT-32-2014	RIA	Jan  2015	Dec  2018	€4,081,827	Secure Architectures of Future Emerging Cryptography	SAFEcrypto will provide a new generation of practical, robust and  physically secure post quantum cryptographic solutions that ensure  long-term security for future ICT systems, services and applications. Novel  public-key cryptographic schemes (digital signatures...	https://www.safecrypto.eu/	http://cordis.europa.eu/project/rcn/194240_en.html	https://www.cyberwatching.eu/projects/1062/safecrypto
112	SAFERtec		DS-01-2016	RIA	Jan  2017	Dec  2019	€3,819,380	Security Assurance FramEwoRk for neTworked vEhicular teChnology	The assurance of security, privacy, reliability and safety features is  key-point to unlock the enormous potential that the connected vehicles  systems paradigm i.e., the dynamic Cyberphysical system of highly-equipped  infrastructure-connected vehicles with numerous third-party...	http://www.safertec-project.eu/	http://cordis.europa.eu/project/rcn/207209_en.html	https://www.cyberwatching.eu/projects/1063/safertec
113	SAINT		DS-04-2016	RIA	Mar  2017	Feb  2021	€3,996,875	SYSTEMIC ANALYZER IN NETWORK THREATS	SAINT proposes to analyse and identify incentives to improve levels of  collaboration between cooperative and regulatory approaches to information  sharing. Analysis of the ecosystems of cybercriminal activity, associated  markets and revenues will drive the development of a...	https://project-saint.eu/	http://cordis.europa.eu/project/rcn/210229_it.html	https://www.cyberwatching.eu/projects/1065/saint
114	SAURON		CIP-01-2016-2017	IA	May  2017	Apr  2019	€1,998,700	Scalable multidimensionAl sitUation awaReness sOlution for protectiNg  european ports	Nowadays coordinated and every time more complex terrorist attacks are  shocking the world. Due to the progressive rely of industrial sector and  many critical infrastructures (CI) (e.g. EU ports) in ICT systems, the  impact of a coordinated physical attack, a deliberate...	https://sauronproject.eu/	http://cordis.europa.eu/project/rcn/210044_it.html	https://www.cyberwatching.eu/projects/1066/sauron
115	SCISSOR		ICT-32-2014	RIA	Jan  2015	Dec  2017	€3,989,850	Security In trusted SCADA and smart-grids	In traditional industrial control systems and critical infrastructures,  security was implicitly assumed by the reliance on proprietary technologies  (security by obscurity), physical access protection and disconnection from  the Internet. The massive move, in the last decade...	https://scissor-project.com/	http://cordis.europa.eu/project/rcn/194207_en.html	https://www.cyberwatching.eu/projects/1067/scissor
116	SCOTT		ECSEL-2016-2-IA-two-stage	IA	May  2017	Jun  2020	€39,090,241	Secure COnnected Trustable Things	Creating trust in wireless solutions and increasing social acceptance are  major challenges to achieve the full potential of the Internet of Things.  SCOTT, with 57 key partners from 12 countries (EU + Brazil), will provide  efficient solutions of wireless, end-to-end secure...	https://scottproject.eu/	http://cordis.europa.eu/project/rcn/210798_en.html	https://www.cyberwatching.eu/projects/978/scott
117	SCR		SMEInst-13-2016-2017	SME-1	Jul  2016	Dec  2016	€71,429	Disruptive Cybersecurity SaaS for SMEs and freelance developers	After obtaining the Seal of Excellence from the EU (Attached), this is an  improved version of the proposal.Given the accelerating growth and  importance of cybersecurity across many sectors of the economy and society,  we have detected and aim to solve the lack of effective...		http://cordis.europa.eu/project/rcn/205788_en.html	
118	SecIoT		INNOSUP-02-2016 - European SME innovation Associate - pilot	CSA	Sep  2017	Aug  2018	€117,844	Cybersecurity Threat Detection for Internet of Things Connected Devices	Secure Secure Ltd was founded in 2015 and headquartered in the UK. The  founding team brings extensive experience inthe fields of cybersecurity,  scalable software architecture, software company leadership and SME growth.  Given theaccelerating growth and importance of...		http://cordis.europa.eu/project/rcn/208832_en.html	
119	SERECA		ICT-07-2014	RIA	Mar  2015	Feb  2018	€3,834,340	Secure Enclaves for REactive Cloud Applications	Cloud security is of immediate concern to organisations that must comply  with strict confidentiality and integrity policies. More broadly, security  has emerged as a commercial imperative for cloud computing across a wide  range of markets. The lack of adequate security...	https://www.serecaproject.eu/	http://cordis.europa.eu/project/rcn/194271_en.html	https://www.cyberwatching.eu/projects/980/sereca
120	SHARCS		ICT-32-2014	RIA	Jan  2015	Dec  2017	€3,105,763	Secure Hardware-Software Architectures for Robust Computing Systems	Developing new security paradigms, architectures, and software, for more  secure and trustworthy ICT systems and services has clear social,  scientific, and market motivation. This motivation is becoming stronger due  to the changing threat landscape; over the past decade we are...	http://sharcs-project.eu/	http://cordis.europa.eu/project/rcn/194217_en.html	https://www.cyberwatching.eu/projects/982/sharcs
121	SHiELD (Health)		DS-03-2016	RIA	Jan  2017	Dec  2019	€3,897,268	European Security in Health Data Exchange	SHiELD will unlock the value of health data to European citizens and  businesses by overcoming security and regulatory challenges that today  prevent this data being exchanged with those who need it. This will make it  possible to provide better health care to mobile citizens...	https://www.project-shield.eu/	http://cordis.europa.eu/project/rcn/207185_en.html	https://www.cyberwatching.eu/projects/983/shield
122	SHIELD		DS-04-2015	IA	Sep  2016	Feb  2019	€4,562,775	Securing against intruders and other threats through a NFV-enabled  environment	Nowadays, cybercrime is one of the most relevant and critical threats to  both the economy and society in Europe. Establishing efficient and  effective ways to protect services and infrastructures from ever-evolving  cyber threats is crucial for sustaining business integrity and...	https://www.shield-h2020.eu/	http://cordis.europa.eu/project/rcn/202684_en.html	https://cyberwatching.eu/projects/983/shield
123	SISSDEN		DS-04-2015	IA	May  2016	Apr  2019	€6,341,775	Secure Information Sharing Sensor Delivery event Network	SISSDEN is a project aimed at improving the cybersecurity posture of EU  entities and end users through development of situational awareness and  sharing of actionable information. It builds on the experience of  Shadowserver, a non-profit organization well known in the security...	https://sissden.eu	http://cordis.europa.eu/project/rcn/202679_en.html	https://www.cyberwatching.eu/projects/984/sissden
124	SMESEC		DS-02-2016	IA	Jun  2017	May  2020	€5,683,820	Protecting Small and Medium-sized Enterprises digital technology through an  innovative cyber-SECurity framework	Small and Medium size Enterprises (SMEs) are an important driver for  innovation and growth in the EU. SMEs also stand to gain the most from  innovative technology, because it is complicated and costly for them to  set-up and run ICT in the traditional way. Taking into account...	https://www.smesec.eu/	http://cordis.europa.eu/project/rcn/210805_it.html	https://www.cyberwatching.eu/projects/986/smooth
125	SocialPrivacy		FP7-PEOPLE-2011-IOF	MC-IOF - International Outgoing Fellowships (IOF)	Sep  2012	Aug  2015	€268,555	Addressing Privacy Challenges in Social Media	Social media offers many benefits, helping people stay in touch,  reconnecting long-lost friends and creating new friendships. However, it  also raises serious challenges with respect to privacy. The value of  Facebook lies not in the site itself but rather in the information he...		http://cordis.europa.eu/project/rcn/102946_en.html	
126	SODA		ICT-18-2016	RIA	Jan  2017	Dec  2019	€2,980,610	Scalable Oblivious Data Analytics	More and more data is being generated, and analyzing this data drives  knowledge and value creation across society. Unlocking this potential  requires sharing of (often personal) data between organizations, but this  meets unwillingness from data subjects and data controllers...	https://www.soda-project.eu/	http://cordis.europa.eu/project/rcn/205932_en.html	https://www.cyberwatching.eu/projects/987/soda
127	SPECIAL		ICT-18-2016	RIA	Jan  2017	Dec  2019	€3,991,389	Scalable Policy-awarE linked data arChitecture for prIvacy, trAnsparency  and compLiance	The SPECIAL project will address the contradiction between Big Data  innovation and privacy-aware data protection by proposing a technical  solution that makes both of these goals realistic. We will develop  technology that: (i) supports the acquisition of user consent at...	https://www.specialprivacy.eu/	http://cordis.europa.eu/project/rcn/206343_en.html	https://www.cyberwatching.eu/projects/989/special
128	SpeechXRays		DS-02-2014	IA	May  2015	Apr  2018	€5,343,606	Multi-channel biometrics combining acoustic and machine vision analysis of  speech, lip movement and face	The SpeechXRays project will develop and test in real-life environments a  user recognition platform based on voice acoustics analysis and  audio-visual identity verification. SpeechXRays will outperform  state-of-the-art solutions in the following areas:· Security: high...	http://www.speechxrays.eu/	http://cordis.europa.eu/project/rcn/194884_en.html	https://www.cyberwatching.eu/projects/990/speechxrays
129	SPOOC		ERC-CoG-2014	ERC-COG	Sep  2015	Aug  2020	€1,903,500	Automated Security Proofs of Cryptographic Protocols: Privacy, Untrusted  Platforms and Applications to E-voting Protocols	The rise of the Internet and the ubiquity of electronic devices has deeply  changed our way of life. Many face to face and paper transactions have  nowadays digital counterparts: home banking, e- commerce, e-voting, etc.  The security of such transactions is ensured by the means...		http://cordis.europa.eu/project/rcn/194400_en.html	
130	STAMP		ICT-10-2016	RIA	Dec  2016	Nov  2019	€4,307,070	Software Testing AMPlification	Release early, release often. Such is the mantra of IT giants like Twitter  or Netflix. Pioneers in the engineering of applications that run in the  cloud now routinely perform hundreds of code updates per day in what has  become a thrust of continuous delivery around the clock...	https://www.stamp-project.eu/	http://cordis.europa.eu/project/rcn/206167_en.html	
131	STOP-IT		CIP-01-2016-2017	IA	Jun  2017	May  2021	€9,616,525	Strategic, Tactical, Operational Protection of water Infrastructure against cyber-physical Threats	Water critical infrastructures (CIs) are essential for human society, life  and health and they can be endangered by physical/cyber threats with severe  societal consequences. To address this, STOP-IT assembles a team of major  Water Utilities, industrial technology developers...	https://stop-it-project.eu/	http://cordis.europa.eu/project/rcn/210216_en.html	https://www.cyberwatching.eu/projects/991/stop-it
132	STORM		EE-13-2014	RIA	Mar  2015	Aug  2018	€71,429	The first cybersecurity management system providing evidence based metrics for cyber risk at the business asset level in real-time	InnoSec’s main product, STORM, is the only Cyber Risk Management  application that provides evidence based metrics defining cyber risk at the  business asset level in real-time, using a flexible risk modeling method,  while improving the overall user experience. STORM allows...		http://cordis.europa.eu/project/rcn/211168_en.html	
133	SUNFISH		ICT-07-2014	RIA	Jan  2015	Dec  2017	€4,520,048	SecUre iNFormation SHaring in federated heterogeneous private clouds	Today the European Public Sector Players lack the necessary infrastructure  and technology to allow them to integrate their computing clouds.  Furthermore, legislative barriers often make it difficult to use available  commercial technological solutions. The SUNFISH project aims...	http://www.sunfishproject.eu/	http://cordis.europa.eu/project/rcn/194230_it.html	https://www.cyberwatching.eu/projects/992/sunfish
134	SUPERCLOUD		ICT-07-2014	RIA	Feb  2015	Jan  2018	€6,863,279	USER-CENTRIC MANAGEMENT OF SECURITY AND DEPENDABILITY IN CLOUDS OF CLOUDS	Today, despite its unravelling business benefits, distributed cloud  computing raises many security and dependability concerns. Root causes  include increase in complexity and lack of interoperability between  heterogeneous, often proprietary infrastructure technologies...	https://supercloud-project.eu/	http://cordis.europa.eu/project/rcn/194123_en.html	https://www.cyberwatching.eu/projects/993/supercloud
135	SurPRISE		SEC-2011.6.5-2	CP-FP - Small or medium-scale focused research project	Feb  2012	Jan  2015	€4,401,821	Surveillance, Privacy and Security: A large scale participatory assessment of criteria and factors determining acceptability and acceptance of security technologies in Europe	SURPRISE re-examines the relationship between security and privacy, which  is commonly positioned as a ‘trade-off’. Where security solutions involve  the collection of information about citizens, questions arise as to whether  their privacy has been infringed. This infringement ...	http://surprise-project.eu/	http://cordis.europa.eu/project/rcn/102076_en.html	https://www.cyberwatching.eu/projects/994/surprise
136	SysSec		ICT-2009.1.4	NoE	Sep  2010	Nov  2014	€2,946,029	A European Network of Excellence in Managing Threats and Vulnerabilities in  the Future Internet: Europe for the World	Over the past decade we are witnessing an ever-increasing amount of  cyberattacks on the Internet.Prolific, ingenious, and ranging in style from  large-scale worms to "below the radar" phishing attempts, cyberattacks have  evolved to unprecedented levels of sophistication. To co...	http://www.syssec-project.eu/	http://cordis.europa.eu/project/rcn/95211_en.html	https://www.cyberwatching.eu/projects/995/syssec
137	TOREADOR		ICT-16-2015	RIA	Jan  2016	Dec  2018	€6,311,219	TrustwOrthy model-awaRE Analytics Data platfORm	The TOREADOR project is aimed at overcoming some major hurdles that until  now have prevented many European companies from reaping the full benefits  of Big Data analytics (BDA). Companies and organisations in Europe have  become aware of the potential competitive advantage they...	http://www.toreador-project.eu/	https://cordis.europa.eu/project/rcn/200253_it.html	https://www.cyberwatching.eu/projects/997/toreador
138	TREDISEC		ICT-32-2014	RIA	Apr  2015	Mar  2018	€6,470,619	Trust-aware, REliable and Distributed Information SEcurity in the Cloud.	"The current trend for data placement shows a steady shift towards ""the  cloud"". The advent of cloud storage and computation services however comes  at the expense of data security and user privacy. To remedy this, customers  nowadays call for end-to-end security whereby only...	http://www.tredisec.eu/	http://cordis.europa.eu/project/rcn/194205_en.html	https://www.cyberwatching.eu/projects/998/tredisec
139	TRUESSEC.EU		DS-01-2016	CSA	Jan  2017	Dec  2018	€999,993	TRUst-Enhancing certified Solutions for SEcurity and protection of  Citizens’ rights in digital Europe	TRUESSEC.EU is a CSA on certification and labelling of trustworthiness  properties from a multidisciplinary SSH-ICT perspective and with emphasis  on human rights.The current complexity of ICT products and services makes  it difficult to appraise their trustworthiness. Thus...	https://truessec.eu/	http://cordis.europa.eu/project/rcn/207202_en.html	https://www.cyberwatching.eu/projects/999/truesseceu
140	TYPES		DS-01-2014	IA	May  2015	Oct  2017	€4,661,143	Towards transparencY and Privacy in the onlinE advertising businesS	Online advertising generated in 2013 $42B worth of revenue and more than  3.4 million direct and indirect jobs in Europe in 2012 alone. It supports  some of the most important Internet services such as search, social media  and user generated content sites. However, the lack of...	http://www.types-project.eu/	http://cordis.europa.eu/project/rcn/194867_en.html	https://www.cyberwatching.eu/projects/1001/types
141	U2PIA		SMEInst-13-2016-2017	SME-1	Nov  2016	Mar  2017	€71,429	Universal application 2 conduct Privacy Impact Assessment analysis and  reports	We are Nier Soluzioni Informatiche (NSI), an innovative software company  that operates since 2002 in the fields of security compliance, privacy  compliance, and counselling on the protection of personal information in  collaboration with law firms. We have a strong history and...		http://cordis.europa.eu/project/rcn/207691_en.html	
142	UNICORN		ICT-06-2016	IA	Jan  2017	Dec  2019	€4,173,850	A NOVEL FRAMEWORK FOR MULTI-CLOUD SERVICES DEVELOPMENT, ORCHESTRATION,  DEPLOYMENT AND CONTINUOUS MANAGEMENT FOSTERING CLOUD TECHNOLOGIES UPTAKE  FROM DIGITAL SMES AND STARTUPS	Unicorn aims to simplify the design, deployment and management of secure  and elastic –by design- multi-cloud services. This will be achieved by a)  development and design libraries that will provide security enforcement  mechanisms, data privacy restrictions, monitoring metric...	http://unicorn-project.eu/	http://cordis.europa.eu/project/rcn/206347_en.html	https://www.cyberwatching.eu/projects/1002/unicorn
143	VESSEDIA		DS-01-2016	RIA	Jan  2017	Dec  2019	€4,192,059	VERIFICATION ENGINEERING OF SAFETY AND SECURITY CRITICAL DYNAMIC INDUSTRIAL  APPLICATIONS	The VESSEDIA project will bring safety and security to many new software  applications and devices. In the fast evolving world we live in, the  Internet has brought many benefits to individuals, organisations and  industries. With the capabilities offered now (such as IPv6) to...	https://vessedia.eu/	http://cordis.europa.eu/project/rcn/207194_en.html	https://www.cyberwatching.eu/projects/1003/vessedia
144	VIRT-EU		ICT-35-2016	RIA	Jan  2017	Dec  2019	€1,999,951	Values and ethics in Innovation for Responsible Technology in EUrope	The networked future promises new relationships between people and  artifacts, the private and the public, the individual and the collective.  The increased networking capabilities of pervasive technologies mean that  of personal data are being produced, analyzed, monetized and...	https://virteuproject.eu/	http://cordis.europa.eu/project/rcn/205981_en.html	https://www.cyberwatching.eu/projects/1004/virt-eu
145	VisiOn		DS-01-2014	IA	Jul  2015	Jun  2017	€3,161,000	Visual Privacy Management in User Centric Open Environments	Public Administration (PA) authorities are working towards upgrading the  level of theironline services through new governance models such as the  Open Government. This pushesfor greater transparency, accountability and  innovation aiming at increasing citizen levels ofconfidence...	http://www.visioneuproject.eu/	http://cordis.europa.eu/project/rcn/194888_en.html	https://www.cyberwatching.eu/projects/1005/vision
146	WISER		DS-06-2014	IA	Jun  2015	Nov  2017	€3,396,455	Wide-Impact cyber SEcurity Risk framework	WISER delivers a cyber-risk management framework able to assess, monitor  and mitigate the risks in real time, in multiple industries. WISER  incorporates socio-economic impact aspects, building on current state of  the art methodologies and tools, and leveraging best practices...	http://cyberwiser.eu/	http://cordis.europa.eu/project/rcn/194847_en.html	
147	WITDOM		ICT-32-2014	RIA	Jan  2015	Dec  2017	€4,020,281	empoWering prIvacy and securiTy in non-trusteD envirOnMents	The advent of the Future Internet prompts fundamental transformations in  whole ICT ecosystems, while bringing new opportunities to stakeholders in  the availability and rational use of physical resources with large-scale  savings in IT investments. It will also pose new security...	http://www.witdom.eu/	http://cordis.europa.eu/project/rcn/194197_en.html	https://www.cyberwatching.eu/projects/1006/witdom
148	FENTEC		H2020-DS-LEIT-2017	RIA	Jan  2018	Dec  2020	€4,223,141	Functional Encryption Technologies	Functional encryption (FE), has been recently been introduced as a new  paradigm of encryption systems to overcome all-or-nothing limitations of  classical encryption. In an FE system the decryptor deciphers a function  over the message plaintext: such functional decryptability...	http://fentec.eu/	https://cordis.europa.eu/project/rcn/213111_en.html	https://cyberwatching.eu/projects/1268/fentec
149	SAWSOC		FP7-SEC-2012-1	CP-FP	Nov  2013	Apr  2016	€5,405,439	Situation AWare Security Operations Center	SAWSOC aims at bringing a significant advancement in the convergence of  physical and logical security, meaning effective cooperation (i.e. a  coordinated and results-oriented effort to work together) among previously  disjointed functions. Recently some achievements have been m...	http://www.sawsoc.eu/	https://cordis.europa.eu/project/rcn/110931/factsheet/en	
150	PROMETHEUS		H2020-DS-LEIT-2017	RIA	Jan  2018	Dec  2019	€5,496,969	PRivacy preserving pOst-quantuM systEms from advanced crypTograpHic mEchanisms Using latticeS	Privacy-preserving cryptographic protocols allow users to take common daily  life actions online (e.g, purchases, reservations or voting) without  leaking sensitive personal information. They typically combine various  tools such as digital signatures, homomorphic encryption or...	http://prometheuscrypt.gforge.inria.fr/index.html	https://cordis.europa.eu/project/rcn/213162/factsheet/en	https://www.cyberwatching.eu/projects/1034/prometheus
151	REACT		H2020-DS-SC7-2017	RIA	Jun  2018	May  2021	€2,726,461	REactively Defending against Advanced Cybersecurity Threats	Security is a vital property for every operational system and network. As  systems become more powerful and, in many aspects, more complex, advanced  cyber-attacks impose new threats for important operations of our society.  Computer systems assist core functions of hospitals...	http://react-h2020.eu/	https://cordis.europa.eu/project/rcn/214838/factsheet/en	https://www.cyberwatching.eu/projects/1053/react
152	SerIoT		H2020-IOT-2017	RIA	Jan  2018	Dec  2020	€4,999,084	Secure and Safe Internet of Things	The IoT is coming upon us faster than we think, catapulting EU industry,  homes and society into the huge arena of security risks that accompany an  untested yet already universal technology that directly manages our  cyber-physical reality on a daily, and indeed second by...	https://seriot-project.eu/	https://cordis.europa.eu/project/rcn/213102/factsheet/en	https://www.cyberwatching.eu/projects/981/seriot
153	YAKSHA		H2020-ICT-2017-1	IA	Jan  2018	Jun  2020	€2,506,226	Cybersecurity Awareness and Knowledge Systemic High-level Application	YAKSHA aims at reinforcing EU-ASEAN cooperation & building partnerships in  the cybersecurity domain by developing a solution tailored to specific user  and national needs, leveraging EU Know-How and local expertise. YAKSHA will  develop and introduce the innovative concept of...	https://project-yaksha.eu/	https://cordis.europa.eu/project/rcn/213552/factsheet/en	https://www.cyberwatching.eu/projects/1007/yaksha
154	DECODE		H2020-ICT-2016-1	RIA	Dec  2016	Dec  2019	€4,987,674	Decentralised Citizens Owned Data Ecosystem	Today’s Internet is becoming increasingly centralised, slowing innovation  and challenging its potential to revolutionise society and the economy in a  pluralistic manner. DECODE will develop practical alternatives through the  creation, evaluation and demonstration of a...	https://decodeproject.eu/	https://cordis.europa.eu/project/rcn/206387/factsheet/en	https://cyberwatching.eu/projects/1037/decode
155	CYBER-TRUST		H2020-DS-SC7-2017	RIA	May  2018	Apr  2021	€2,996,183	Advanced Cyber-Threat Intelligence, Detection, and Mitigation Platform for a Trusted Internet of Things	The CYBER-TRUST project aims to develop an innovative cyber-threat  intelligence gathering, detection, and mitigation platform to tackle the  grand challenges towards securing the ecosystem of IoT devices. The  security problems arising from the flawed design of legacy hardware...	https://cyber-trust.eu/	https://cordis.europa.eu/project/rcn/214839/factsheet/en	https://cyberwatching.eu/projects/961/cyber-trust
156	DOGANA II			IA	Jan  2017	Dec  2019				https://www.dogana-project.eu/		https://www.cyberwatching.eu/projects/1042/dogana
157	CYBECO II		H2020-DS-SC7-2016	RIA	May  2017	Apr  2019	€1,983,510	Supporting Cyberinsurance from a Behavioural Choice Perspective	CYBECO will research, develop, demonstrate, evaluate and exploit a new  framework for managing cybersecurity risks, one that is focusing on  cyberinsurance, as key risk management treatment. CYBECO integrates  multidisciplinary research methods from Behavioural Economics...	https://www.cybeco.eu/	https://cordis.europa.eu/project/rcn/210232/factsheet/en	https://www.cyberwatching.eu/projects/960/cybeco
158	PRIVILEDGE		H2020-DS-LEIT-2017	RIA	Jan  2018	Dec  2020	€4,527,918	Privacy-Enhancing Cryptography in Distributed Ledgers	Blockchain and distributed ledger technologies (DLTs) have emerged as one  of the most revolutionary developments in recent years, with the goal of  eliminating centralised intermediaries and installing distributed trusted  services. They facilitate trustworthy trades and...	https://priviledge-project.eu/	https://cordis.europa.eu/project/rcn/213144/factsheet/en	https://www.cyberwatching.eu/projects/1033/priviledge
159	FUTURE TPM		H2020-DS-LEIT-2017	RIA	Jan  2018	Dec  2020	€4,868,890	Future Proofing the Connected World: A Quantum-Resistant Trusted Platform Module	The goal of FutureTPM is to design a Quantum-Resistant (QR) Trusted  Platform Module (TPM) by designing and developing QR algorithms suitable  for inclusion in a TPM. The algorithm design will be accompanied with  implementation and performance evaluation, as well as formal...	https://futuretpm.eu/	https://cordis.europa.eu/project/rcn/213057/factsheet/en	
160	SealedGRID		H2020-MSCA-RISE-2017	MSCA-RISE	Jan  2018	Dec  2021	€1,080,000	Scalable, trustEd, and interoperAble pLatform for sEcureD smart GRID	The rapid evolution of ICT has revealed the potential for centrally  monitoring, controlling, and optimising the power grid. In this context, a  more intelligent, responsive, and efficient, system has been devised, known  as the Smart Grid (SG). As explained in the EU Third...	https://www.sgrid.eu/	https://cordis.europa.eu/project/rcn/212986/factsheet/en	https://www.cyberwatching.eu/projects/1156/sealedgrid
161	SEMIoTICS		H2020-IOT-2017	RIA	Jan  2018	Dec  2020	€4,995,915	Smart End-to-end Massive IoT Interoperability, Connectivity and Security	SEMIoTICS aims to develop a pattern-driven framework, built upon existing  IoT platforms, to enable and guarantee secure and dependable actuation and  semi-autonomic behaviour in IoT/IIoT applications. Patterns will encode  proven dependencies between security, privacy...	https://www.semiotics-project.eu/	https://cordis.europa.eu/project/rcn/213548/factsheet/en	
162	ASTRID		H2020-DS-SC7-2017	RIA	May  2018	Apr  2021	€2,932,298	AddreSsing ThReats for virtualIseD services	The growing adoption of cloud technologies and the trend to virtualise  applications are inexorably re-shaping the traditional security paradigms,  due to the increasing usage of infrastructures outside of the enterprise  perimeter and shared with other users. The need for more...	https://www.astrid-project.eu/	https://cordis.europa.eu/project/rcn/214855/factsheet/en	https://cyberwatching.eu/projects/938/astrid
163	BPR4GDPR		H2020-DS-SC7-2017	IA	May  2018	Apr  2021	€3,792,150	Business Process Re-engineering and functional toolkit for GDPR compliance	The goal of BPR4GDPR is to provide a holistic framework able to support  end-to-end GDPR-compliant intra- and inter-organisational ICT-enabled  processes at various scales, while also being generic enough, fulfilling  operational requirements covering diverse application domains...	http://www.bpr4gdpr.eu/	https://cordis.europa.eu/project/rcn/214871/factsheet/en	https://cyberwatching.eu/projects/941/bpr4gdpr
164	PAPAYA		H2020-DS-SC7-2017	IA	May  2018	Apr  2021	€3,763,130	PlAtform for PrivAcY preserving data Analytics	The valuable insights that can be inferred from analytics of data generated  and collected from a variety of devices and applications are transforming  businesses and are therefore one of the key motivations for organisations  to adopt such technologies. Nevertheless, the data...	https://www.papaya-project.eu/	https://cordis.europa.eu/project/rcn/214848/factsheet/en	https://www.cyberwatching.eu/projects/974/papaya
165	POSEIDON		H2020-DS-SC7-2017	IA	May  2018	Oct  2020	€3,050,605	Protection and control of Secured Information by means of a privacy enhanced Dashboard	PoSeID-on is aimed at developing a novel Privacy Enhancing Dashboard for  personal data protection supporting the pillars of the new EU’s General  Data Protection Regulation (GDPR) with regards to digital security, that  will be implemented within a single, integrated tool...	https://www.poseidon-h2020.eu/	https://cordis.europa.eu/project/rcn/214840/factsheet/en	https://www.cyberwatching.eu/projects/976/poseidon
166	SPEAR		H2020-DS-SC7-2017	RIA	May  2018	Apr  2021	€2,965,569	SPEAR: Secure and PrivatE smArt gRid	Over the last decade, cyber-attacks have become increasingly sophisticated,  stealthy, targeted and multi-faceted which may leverage zero-day exploits  and highly creative interdisciplinary attack methods. As our society is  becoming increasingly dependent on Critical...	https://www.spear2020.eu/	https://cordis.europa.eu/project/rcn/214857/factsheet/en	https://www.cyberwatching.eu/projects/988/spear
167	SMOOTH		H2020-DS-SC7-2017	IA	May  2018	Oct  2020	€3,367,838	GDPR Compliance Cloud Platform for Micro Enterprises	According to the last official available 2015 data, almost 93% of all  enterprises in Europe in the non-financial business sector have less than  10 employees. These micro enterprises (MEnts) are responsible for 30% and  21% of the overall employment and value added in the EU...	https://smoothplatform.eu/	https://cordis.europa.eu/project/rcn/214847/factsheet/en	https://cyberwatching.eu/projects/986/smooth
168	DEFEND		H2020-DS-SC7-2017	IA	Jun  2018	May  2021	€3,326,988	Data Governance for Supporting GDPR	The rapid advances in ICT have raised the need to adapt to this progress  for organisations (pushing them towards e-services and increase their  efficiency), public authorities (stimulating new services to citizens and  reducing complexity) and individuals (enabling them to...	https://www.defendproject.eu/	https://cordis.europa.eu/project/rcn/214863/factsheet/en	https://cyberwatching.eu/projects/1039/defend
169	CE-IoT		H2020-MSCA-RISE-2017	MSCA-RISE	Jul  2018	Jun  2022	€1,692,000	A Framework for Pairing Circular Economy and IoT: IoT as an enabler of the Circular Economy circularity-by-design as an enabler for IoT (CE-IoT)	The overall aim of CE-IoT is to develop an innovative framework of  interplay between Circular Economy and IoT, to explore novel ways in which  this interaction can drastically change the nature of products, services,  business models and ecosystems. The CE-IoT framework will be...	https://www.ce-iot.eu/	https://cordis.europa.eu/project/rcn/212980/factsheet/en	
170	OLYMPUS		H2020-DS-SC7-2017	IA	Sep  2018	Aug  2021	€3,147,838	Oblivious identitY Management for Private and User-friendly Services	At first sight, privacy and strong identity seem inherently at odds.  Indeed, if users are strongly identified during a transaction, then privacy  is non-existent. Nevertheless, there exist mechanisms that can reconcile  privacy and strong identity, either by trusting an online...	https://www.olympus-project.eu/	https://cordis.europa.eu/project/rcn/214842/factsheet/en	https://www.cyberwatching.eu/projects/969/olympus
171	THREAT-ARREST		H2020-DS-SC7-2017	IA	Sep  2018	Aug  2021	€6,431,125	THREAT-ARRESTCyber Security Threats and Threat Actors Training - Assurance Driven Multi-Layer, end-to-end Simulation and Training	The challenge of mitigating advanced cyber attacks through advanced  security training has been evident during the last decade in numerous  fields and industries in EU. Despite the wide spectrum of such tools  appears to provide a comprehensive machinery for detecting and...	http://itml.gr/threat-arrest	https://cordis.europa.eu/project/rcn/216964/factsheet/en	https://www.cyberwatching.eu/projects/996/threat-arrest
172	CONCORDIA		H2020-SU-ICT-2018-2	RIA	Jan  2019	Dec  2022	€15,998,738	Cyber security cOmpeteNce fOr Research anD Innovation	Europe needs to step up its efforts and strengthen its very own security  capacities to secure its digital society, economy, and democracy. It is  time to reconquer Europe’s digital sovereignty. The vision for Europe can  only be to join forces across Europe’s research...	https://www.concordia-h2020.eu/	https://cordis.europa.eu/project/rcn/221269/factsheet/en	https://cyberwatching.eu/projects/1138/concordia
173	OCRE		H2020-INFRAEOSC-2018-1	RIA	Jan  2019	Dec  2021	€14,362,500	Access to Commercial Services Through the EOSC-hub	The Open Cloud for Research Environments consortium combines the expertise  of four partners to enable access and drive the adoption and use of  commercial digital services by the European research community. Essential  for interdisciplinary research, these services include:•...	https://www.ocre-project.eu/	https://cordis.europa.eu/project/rcn/219198/factsheet/en	https://www.cyberwatching.eu/projects/967/ocre
174	SPARTA		H2020-SU-ICT-2018-2	RIA	Feb  2019	Jan  2022	€15,999,913	Strategic programs for advanced research and technology in Europe	In the domain of Cybersecurity Research and innovation, European scientists  hold pioneering positions in fields such as cryptography, formal methods,  or secure components. Yet this excellence on focused domains does not  translate into larger-scale, system-level advantages...	https://www.sparta.eu/	https://cordis.europa.eu/project/rcn/221271/factsheet/en	https://www.cyberwatching.eu/projects/1136/sparta
175	CyberSec4Europe		H2020-SU-ICT-2018-2	RIA	Mar  2019	Jul  2022	€15,999,981	Cyber Security Network of Competence Centres for Europe	CyberSec4Europe is a research-based consortium with 44 participants  covering 21 EU Member States and Associated Countries. It has received more  than 40 support letters and promises of cooperation from public  administrations, international organisations, and key associations...	https://www.cybersec4europe.eu/	https://cordis.europa.eu/project/rcn/221272/factsheet/en	https://cyberwatching.eu/projects/962/cybersec4europe
176	ECHO	221273	H2020-SU-ICT-2018-2	RIA	Mar  2019	Feb  2023	€15,987,285	European network of Cybersecurity centres and competence Hub for innovation  and Operations	ECHO delivers an organized and coordinated approach to improve proactive  cyber defence of the European Union, through effective and efficient  multi-sector collaboration. The Partners will execute on a 48-month work  plan to develop, model and demonstrate a network of cyber...	http://www.echonetwork.eu/	https://cordis.europa.eu/project/rcn/221273/factsheet/en	https://cyberwatching.eu/projects/1043/echo
177	ENACT	213127	H2020-IOT-2017	RIA	Jan  2018	Dec  2020	€4,928,543	Trustworthy and Smart Actuation in IoT systems	To unleash the full potential of IoT, realizing the digital society and  flourishing innovations in application domains such as eHealth, smart city,  intelligent transport systems, and smart manufacturing, it is critical to  facilitate the creation and operation of trustworthy...	http://www.enact-project.eu/	https://cordis.europa.eu/project/rcn/213127/factsheet/en	https://cyberwatching.eu/projects/1048/enact
178	PDP4E	214860	H2020-DS-SC7-2017	IA	May  2018	Jan  2021	€3,374,086	Methods and tools for GDPR compliance through Privacy and Data Protection  Engineering	PDP4E is an innovation action that will provide software and system  engineers with methods and software tools to systematically apply data  protection principles in the projects they carry out, so that the products  they create comply with the General Data Protection Regulation...	https://www.pdp4e-project.eu/	https://cordis.europa.eu/project/rcn/214860/factsheet/en	
179	CYBERWISER.EU		H2020-EU.3.7.4	IA	Sep  2018	Feb  2021	€5,323,408	Civil Cyber Range Platform for a novel approach to cybersecurity threats  simulation and professional training	CYBERWISER.EU pragmatically addresses, in the DS-07-2017 call, the urgent  need to count on highly-skilled, multi-disciplined cybersecurity  professionals, given the increasingly aggressive cyber-landscape that  Europe and the world is facing. CYBERWISER.EU will be an...	https://www.cyberwiser.eu/	https://cordis.europa.eu/project/rcn/214835/factsheet/en	
180	PROTASIS		H2020-MSCA-RISE-2015	MSCA-RISE	May  2016	Apr  2020	€702,000	Restoring Trust in the cyber space: a Systems Security Proposal	Fueled by a string of high profile attacks and recent revelationsabout  unprecedented cyber surveillance, interest in systems securityis rising-not  just among industry and governments, but even amongindividual citizens  across Europe. Corporate organizations worry aboutthe...	http://www.protasis.eu/	https://cordis.europa.eu/project/rcn/200426/factsheet/en	
181	FAR-EDGE		H2020-FOF-2016	RIA	Oct  2016	Oct  2019	€4,490,194	Factory Automation Edge Computing Operating System Reference Implementation	Despite the proclaimed benefits (i.e. scalability, reliability,  cost-effectiveness) of Future Internet (FI) technologies (i.e. edge & cloud  computing, IoT/CPS) for factory automation, their adoption from  manufacturers remains low for various reasons, including technology...	http://www.faredge.eu/	https://cordis.europa.eu/project/rcn/205577/factsheet/en	
182	SOFIE	213097	H2020-IOT-2017	RIA	Jan  2018	Dec  2020	€4,491,049	SOFIE - Secure Open Federation for Internet Everywhere	SOFIE addresses the challenges of the call by creating a secure and open  IoT federation architecture and framework. We use Distributed Ledger  Technology (DLT), including blockchains and inter-ledger technologies, to  enable actuation, auditability, smart contracts and...	https://www.sofie-iot.eu/	https://cordis.europa.eu/project/rcn/213097/factsheet/en	
183	SPECS	110457	FP7-ICT-2013-10	CP	Nov  2013	Apr  2016	€3,320,286	Secure Provisioning of Cloud Services based on SLA management	The Cloud offers attractive options to migrate corporate applications  without the corporate security manager needing to manage or secure any  physical resources. While this "ease" is appealing, several security issue  arise:* Can the validity of corporate legal compliance regul...	http://www.specs-project.eu/specs-aina-2016-23-25th-march-crans-montana-switzerland/	https://cordis.europa.eu/project/rcn/110457/factsheet/en	
184	SWITCH	194122	H2020-ICT-2014-1	RIA	Feb  2015	Jan  2018	€2,922,500	Software Workbench for Interactive, Time Critical and Highly self-adaptive  cloud applications	The SWITCH project (Software Workbench for Interactive, Time Critical and  Highly self-adaptive Cloud applications) addresses the urgent industrial  need for developing and executing time critical applications in Clouds.  Time critical applications such as disaster early warning...	http://www.switch-project.eu	https://cordis.europa.eu/project/rcn/194122/factsheet/en	
185	PANACEA	219939	H2020-SC1-FA-DTS-2018-1	RIA	Jan  2019	Dec  2021	€4,961,144	Protection and privAcy of hospital and health iNfrastructures with smArt  Cyber sEcurity and cyber threat toolkit for dAta and people	PANACEA will deliver people-centric cybersecurity solutions in healthcare.  The Partners will execute on a leanly-orchestrated research workplan, which  envisages continuous involvement of the end-user Partners at three European  health care centres, including also devices...	https://www.panacearesearch.eu/	https://cordis.europa.eu/project/rcn/219939/factsheet/en	
186	symbIoTe	199859	H2020-ICT-2015	RIA	Jan  2016	Dec  2018	€7,104,828	Symbiosis of smart objects across IoT environments	Connected smart objects have invaded our everyday life across multiple  domains, e.g. home withautomation solutions, assisted living with sensors  and wearables to monitor personal activities, smart transportation and  environmental monitoring. IoT is evolving around a plethora...	https://www.symbiote-h2020.eu	https://cordis.europa.eu/project/rcn/199859/factsheet/en	
187	CREATE-IoT	206371	H2020-IOT-2016	CSA	Jan  2017	Dec  2019	€3,718,973	CROSS FERTILISATION THROUGH ALIGNMENT, SYNCHRONISATION AND EXCHANGES FOR IoT	CREATE-IoT’s aim is to stimulate collaboration between IoT initiatives,  foster the take up of IoT in Europe and support the development and growth  of IoT ecosystems based on open technologies and platforms. This requires  synchronisation and alignment on strategic and...	http://european-iot-pilots.eu	https://cordis.europa.eu/project/rcn/206371/factsheet/en	
188	SecureIoT	213095	H2020-IOT-2017	RIA	Jan  2018	Dec  2020	€4,860,335	Predictive Security for IoT Platforms and Networks of Smart Objects	The IoT market is currently undergoing transformation from applications  involving semi-passive devices operating within a single platform, to  applications involving smart objects with embedded intelligence while  spanning multiple platforms. State-of-the-art security mechanisms...	https://secureiot.eu/	https://cordis.europa.eu/project/rcn/213095/factsheet/en	